Track URI,Track Name,Album Name,Artist Name(s),Release Date,Duration (ms),Popularity,Explicit,Added By,Added At,Genres,Record Label,Danceability,Energy,Key,Loudness,Mode,Speechiness,Acousticness,Instrumentalness,Liveness,Valence,Tempo,Time Signature
spotify:track:3N4DI1vuTSX1tz7fa2NQZw,"Rehab","Back To Black (Deluxe Edition)","Amy Winehouse",2006,214946,75,false,saartje_paardestaartje,2026-02-14T17:33:08Z,"","Universal-Island Records Ltd.",0.407,0.558,0,-13.609,1,0.0552,0.0537,0.00000142,0.34,0.777,71.815,4
spotify:track:6kopmMZiyLmw7h66uXcXR7,"Valerie (feat. Amy Winehouse) - Version Revisited","Version","Mark Ronson;Amy Winehouse",2007-04-16,219413,82,false,saartje_paardestaartje,2026-02-14T17:33:08Z,"","Columbia",0.699,0.83,1,-4.898,1,0.0633,0.00243,0.00024,0.0995,0.889,105.809,4
spotify:track:79z9QkhHePTFsSeVw9uyj0,"Smile","Alright, Still (Deluxe)","Lily Allen",2006-07-14,196893,76,true,saartje_paardestaartje,2026-02-14T17:33:08Z,"","Parlophone UK",0.632,0.639,5,-5.938,1,0.0259,0.00143,0,0.221,0.733,95.506,4
spotify:track:6dgWWAs5yhWPOtvE1zuoQ1,"Big Girls Don't Cry (Personal)","The Dutchess","Fergie",2006-09-13,268120,73,false,saartje_paardestaartje,2026-02-14T17:33:08Z,"","Will I Am / Fergie LP1",0.707,0.642,7,-4.271,1,0.0337,0.204,0,0.0925,0.249,113.083,4
spotify:track:2x8evxqUlF0eRabbW2JBJd,"Fluorescent Adolescent","Favourite Worst Nightmare","Arctic Monkeys",2007-04-22,183893,78,false,saartje_paardestaartje,2026-02-14T17:33:08Z,"indie,garagerock","Domino Recording Co",0.654,0.828,1,-5.377,0,0.0281,0.00146,0.000144,0.122,0.79,112.056,4
spotify:track:6yLX8QnxlnEqZfs3YKCfjF,"Tears Dry On Their Own","Back To Black","Amy Winehouse",2006-10-27,185186,64,true,saartje_paardestaartje,2026-02-14T17:33:08Z,"","Universal-Island Records Ltd.",0.643,0.871,1,-2.734,0,0.118,0.491,0,0.29,0.452,121.569,4
spotify:track:3pD0f7hSJg2XdQ6udw5Tey,"What Goes Around.../...Comes Around (Interlude)","FutureSex/LoveSounds","Justin Timberlake",2006-09-12,448573,80,false,saartje_paardestaartje,2026-02-14T17:33:08Z,"","Jive",0.687,0.723,7,-4.751,1,0.0709,0.122,0.00102,0.573,0.432,76,4
spotify:track:07K4GcCDSTiXUF5ssyTRUM,"The Sweet Escape","The Sweet Escape","Gwen Stefani;Akon",2006-01-01,246466,76,false,saartje_paardestaartje,2026-02-14T17:33:08Z,"","Interscope",0.756,0.769,1,-3.502,1,0.0344,0.191,0,0.178,0.73,119.961,4
spotify:track:4Tn2llBm1g0UlWctmgPL8Z,"Shut Up And Drive","Good Girl Gone Bad: Reloaded","Rihanna",2008-06-02,212280,72,false,saartje_paardestaartje,2026-02-14T17:33:08Z,"","Def Jam Recordings",0.734,0.826,1,-4.909,1,0.0349,0.00101,0.129,0.197,0.74,132.96,4
spotify:track:265Anh9hGoozFigjUVLUeD,"New Shoes","These Streets","Paolo Nutini",2007-01-30,203653,66,false,saartje_paardestaartje,2026-02-14T17:33:08Z,"","Atlantic Records",0.748,0.735,8,-8.692,1,0.0903,0.47,0.0000109,0.0851,0.854,150.04,4
spotify:track:4RCWB3V8V0dignt99LZ8vH,"Hey There Delilah","All That We Needed","Plain White T's",2005-01-25,232533,80,false,saartje_paardestaartje,2026-02-14T17:33:08Z,"","Fearless Records",0.658,0.291,2,-10.572,1,0.0292,0.872,0,0.114,0.295,103.962,4
spotify:track:1MBM7CyZbwJpVbbZJnHHRg,"Summer Love","FutureSex/LoveSounds","Justin Timberlake",2006-09-12,252973,77,false,saartje_paardestaartje,2026-02-14T17:33:08Z,"","Jive",0.606,0.591,0,-7.228,0,0.087,0.0756,0,0.328,0.477,95.802,4
spotify:track:0Kt0khTz1EzjtaQI8A339S,"Starz In Their Eyes","Overtones","Just Jack",2006-01-01,295933,55,false,saartje_paardestaartje,2026-02-14T17:33:08Z,"","EMI",0.67,0.8,3,-6.731,1,0.0652,0.00184,0.000356,0.466,0.656,123.802,4
spotify:track:4N0tDOF2bo9JEpSqLNlpjq,"Glamorous","The Dutchess","Fergie;Ludacris",2006-09-13,246600,67,true,saartje_paardestaartje,2026-02-14T17:33:08Z,"dirty south rap","Will I Am / Fergie LP1",0.81,0.76,0,-6.447,1,0.232,0.301,0,0.103,0.56,130.991,4
spotify:track:1lkvpmrCaXK8QtliFDcHBO,"Bubbly","Coco","Colbie Caillat",2007-01-01,196226,73,false,saartje_paardestaartje,2026-02-14T17:33:08Z,"","Universal Records",0.688,0.477,9,-6.684,1,0.036,0.594,0,0.115,0.257,127.866,4
spotify:track:6RX5iL93VZ5fKmyvNXvF1r,"Irreplaceable","B'Day Deluxe Edition","Beyoncé",2007-05-29,227853,72,false,saartje_paardestaartje,2026-02-14T17:33:08Z,"","Columbia",0.447,0.694,7,-4.637,0,0.382,0.0293,0.00000546,0.167,0.509,175.868,4
spotify:track:4NeOWqHmlrGRuBvsLJC9rL,"My Love (feat. T.I.)","FutureSex/LoveSounds Deluxe Edition","Justin Timberlake;T.I.",2006-09-13,276160,84,false,saartje_paardestaartje,2026-02-14T17:33:08Z,"dirty south rap","Jive",0.771,0.68,11,-5.881,0,0.224,0.277,0.0000118,0.682,0.808,119.952,4
spotify:track:3FAclTFfvUuQYnEsptbK8w,"Back To Black","Back To Black (Deluxe Edition)","Amy Winehouse",2006,241293,84,true,saartje_paardestaartje,2026-02-14T17:33:08Z,"","Universal-Island Records Ltd.",0.434,0.422,7,-13.964,0,0.0375,0.134,0.0000205,0.0861,0.377,123.201,4
spotify:track:1BV0m40U0M4t1SLIsDnwZl,"1973","All the Lost Souls","James Blunt",2007-09-05,280026,74,false,saartje_paardestaartje,2026-02-14T17:33:08Z,"","Custard/Atlantic",0.72,0.668,9,-7.928,1,0.0269,0.0653,0.00675,0.0789,0.769,123.005,4
spotify:track:2aI21FnmY7TJVKeMaoQZ0t,"Say It Right","Loose","Nelly Furtado",2006-01-01,223080,84,false,saartje_paardestaartje,2026-02-14T17:33:08Z,"","Mosley / Geffen",0.871,0.871,1,-6.328,1,0.139,0.0469,0.00114,0.0543,0.811,116.946,4
spotify:track:2bLqfJjuC5syrsgDsZfGmn,"The Way I Are","Shock Value","Timbaland;Keri Hilson;D.O.E.",2007-01-01,179120,86,false,saartje_paardestaartje,2026-02-14T17:33:08Z,"","Interscope/Blackground Records",0.729,0.807,6,-6.492,1,0.0936,0.181,0.75,0.319,0.765,114.742,4
spotify:track:5iyE2d4U3Vc5cqY9mPTlpy,"LoveStoned / I Think She Knows (Interlude)","FutureSex/LoveSounds","Justin Timberlake",2006-09-12,444333,59,true,saartje_paardestaartje,2026-02-14T17:33:08Z,"","Jive",0.859,0.681,1,-6.247,1,0.0549,0.34,0.000161,0.213,0.852,121.243,4
spotify:track:0mEdbdeRFQwBhN4xfyIeUM,"Can't Tell Me Nothing","Graduation","Kanye West",2007-09-11,271600,85,true,saartje_paardestaartje,2026-02-14T17:33:08Z,"rap","Roc-A-Fella",0.587,0.62,5,-6.133,0,0.042,0.0122,0,0.82,0.106,79.928,4
spotify:track:5fVZC9GiM4e8vu99W0Xf6J,"How to Save a Life","How To Save A Life","The Fray",2005-09-13,262533,84,false,saartje_paardestaartje,2026-02-14T17:33:08Z,"","Epic",0.64,0.743,10,-4.08,1,0.0379,0.269,0,0.101,0.361,122.035,4
spotify:track:3PNOYDruQplC92lNc7mE9W,"Makes Me Wonder","It Won't Be Soon Before Long (International Version)","Maroon 5",2007-01-01,211080,69,true,saartje_paardestaartje,2026-02-14T17:33:08Z,"pop","Interscope Records*",0.803,0.852,7,-2.429,1,0.0357,0.00484,0.000331,0.0576,0.878,113.998,4
spotify:track:2sgBTNHz9ckmqj3rx3ez4M,"Ruby","Yours Truly, Angry Mob (Deluxe)","Kaiser Chiefs",2007-01-01,204200,68,false,saartje_paardestaartje,2026-02-14T17:33:08Z,"britpop","Polydor Records",0.447,0.937,5,-2.811,0,0.0492,0.00768,0.0000133,0.0787,0.431,93.452,4
spotify:track:0wbDgMuAoy7O7pL3a69uZx,"Give It To Me","Shock Value","Timbaland;Justin Timberlake;Nelly Furtado",2007-04-02,234026,78,true,saartje_paardestaartje,2026-02-14T17:33:08Z,"","Interscope/Blackground Records",0.975,0.711,8,-3.904,1,0.0632,0.168,0.000552,0.0799,0.815,110.621,4
spotify:track:5hnyJvgoWiQUYZttV4wXy6,"Chasing Cars","Eyes Open","Snow Patrol",2006-01-01,267960,84,false,saartje_paardestaartje,2026-02-14T17:33:08Z,"","Polydor Records",0.561,0.595,9,-4.53,1,0.0274,0.199,0.0000647,0.132,0.144,104.006,4
spotify:track:6Q44rxzH39y2tjic98Spo5,"Fergalicious","The Dutchess","Fergie;will.i.am",2006-09-13,292373,64,true,saartje_paardestaartje,2026-02-14T17:33:08Z,"","Will I Am / Fergie LP1",0.906,0.583,8,-7.721,0,0.317,0.0569,0,0.126,0.829,129.056,4
spotify:track:4T6HLdP6OcAtqC6tGnQelG,"Everything","Call Me Irresponsible","Michael Bublé",2007-04-27,212373,71,false,saartje_paardestaartje,2026-02-14T17:33:08Z,"kerst","143/Reprise",0.686,0.688,6,-4.981,0,0.0254,0.39,0.00000103,0.0924,0.493,123.125,4
spotify:track:0NEw29HKkDkt1yDyBJOgXe,"With Every Heartbeat","Robyn","Robyn;Kleerup",2005-04-27,251040,54,false,saartje_paardestaartje,2026-02-14T17:33:08Z,"zweedse pop,chillstep","Universal-Island Records Ltd.",0.491,0.884,4,-4.063,0,0.041,0.00735,0.000303,0.234,0.363,120.863,3
spotify:track:00cxhG668jV6gU6VK2FUVI,"Acceptable in the 80's","I Created Disco","Calvin Harris",2007-06-18,333680,56,false,saartje_paardestaartje,2026-02-14T17:33:08Z,"edm","Columbia",0.787,0.808,7,-5.454,1,0.0511,0.0143,0.257,0.0466,0.942,127.99,4
spotify:track:2aibwv5hGXSgw7Yru8IYTO,"Snow (Hey Oh)","Stadium Arcadium","Red Hot Chili Peppers",2006-05-09,334666,83,false,saartje_paardestaartje,2026-02-14T17:33:08Z,"funkrock,alternative rock,rock","Warner Records",0.427,0.9,11,-3.674,1,0.0499,0.116,0.0000175,0.119,0.599,104.655,4
spotify:track:6IwKcFdiRQZOWeYNhUiWIv,"No One","As I Am (Expanded Edition)","Alicia Keys",2007-11-09,253813,72,false,saartje_paardestaartje,2026-02-14T17:33:08Z,"r&b,neo soul","J Records",0.644,0.549,1,-5.415,0,0.0285,0.0209,0.00000885,0.134,0.167,90.04,4
spotify:track:7f9I5WdyXm5q1XqnSYgQZb,"Brianstorm","Favourite Worst Nightmare","Arctic Monkeys",2007-04-22,172866,68,false,saartje_paardestaartje,2026-02-14T17:33:08Z,"indie,garagerock","Domino Recording Co",0.42,0.974,1,-4.706,1,0.191,0.0000815,0.00155,0.0871,0.463,165.182,4
spotify:track:5Anh8jULgeUgciLHCR25Mk,"Like A Star","Corinne Bailey Rae","Corinne Bailey Rae",2006-01-01,243213,65,false,saartje_paardestaartje,2026-02-14T17:33:08Z,"","EMI Records",0.606,0.226,2,-10.617,0,0.0347,0.715,0.0001,0.35,0.142,122.711,4
spotify:track:36Hwcla06Q5BCr59CL0sBp,"Ayo Technology","Curtis","50 Cent;Justin Timberlake;Timbaland",2007-01-01,247946,82,true,saartje_paardestaartje,2026-02-14T17:33:08Z,"old school hiphop,east coast hiphop","Aftermath/Shady",0.63,0.782,8,-5.44,0,0.132,0.0828,0,0.034,0.418,140.144,4
spotify:track:3l9CW99AHtExIRV4hW2N5m,"Misery Business","Riot!","Paramore",2007-06-12,211520,78,false,saartje_paardestaartje,2026-02-14T17:33:08Z,"pop punk,emo","Atlantic Records UK",0.517,0.906,1,-3.677,1,0.0735,0.00272,0.00000926,0.113,0.731,172.977,4
spotify:track:1ctdfJSzp6qF2iDAVdDrfl,"About You Now","Change","Sugababes",2007-01-01,212400,66,false,saartje_paardestaartje,2026-02-14T17:33:08Z,"","Universal-Island Records Ltd.",0.584,0.699,1,-6.065,0,0.0378,0.0000652,0.0000605,0.486,0.585,82.499,4
spotify:track:0j2T0R9dR9qdJYsB7ciXhf,"Stronger","Graduation","Kanye West",2007-09-11,311866,84,true,saartje_paardestaartje,2026-02-14T17:33:08Z,"rap","Roc-A-Fella",0.617,0.716,1,-7.858,1,0.136,0.0056,0,0.408,0.496,104.014,4
spotify:track:6ic8OlLUNEATToEFU3xmaH,"Gimme More","Blackout","Britney Spears",2007-10-25,251244,86,true,saartje_paardestaartje,2026-02-14T17:33:08Z,"pop","Jive",0.788,0.844,2,-3.131,1,0.0334,0.25,0.000678,0.0723,0.382,113.324,4
spotify:track:7wZUrN8oemZfsEd1CGkbXE,"Bleeding Love","Spirit","Leona Lewis",2007,262466,79,false,saartje_paardestaartje,2026-02-14T17:33:08Z,"","Syco Music UK",0.638,0.656,5,-5.886,1,0.0357,0.188,0,0.146,0.225,104.036,4
spotify:track:1mvZErZBp7WZT3HfGBykao,"Cry for You","Dancing Shoes","September",2007-03-08,209800,75,false,saartje_paardestaartje,2026-02-14T17:33:08Z,"zweedse pop","Catchy Tunes",0.768,0.881,9,-3.988,1,0.0301,0.00133,0.000141,0.0551,0.961,130.016,4
spotify:track:4LjfIjS8iweFCPdKxLnEoV,"Let Me Think About It","Singled Out","Ida Corr;Fedde Le Grand",2013-05-03,151983,69,false,saartje_paardestaartje,2026-02-14T17:33:08Z,"","Lifted House",0.762,0.754,0,-3.425,0,0.046,0.00022,0.0665,0.146,0.715,129.026,4
spotify:track:2IxoxL1FHw0RxN5r6y5mjF,"Love Today","Life In Cartoon Motion","MIKA",2006-01-01,235173,63,false,saartje_paardestaartje,2026-02-14T17:33:08Z,"","Universal-Island Records Ltd.",0.678,0.914,11,-4.979,1,0.0677,0.0302,0.00293,0.113,0.587,124.446,4
spotify:track:2HWWNoWEEEECwZhAiLg7ib,"Beautiful Liar","B'Day Deluxe Edition","Beyoncé;Shakira",2007-05-29,199853,71,false,saartje_paardestaartje,2026-02-14T17:33:08Z,"latin pop","Columbia",0.764,0.751,8,-3.74,1,0.0703,0.00554,0.000237,0.164,0.418,91.977,4
spotify:track:6ucR4KfvsBFWCMVFDvyKKl,"Apologize","Shock Value","Timbaland;OneRepublic",2007-04-02,184400,76,false,saartje_paardestaartje,2026-02-14T17:33:08Z,"soft pop","Interscope/Blackground Records",0.653,0.603,8,-6.017,1,0.0278,0.0292,0,0.097,0.101,118.016,4
spotify:track:6ajyEEzWZbw8ycDcJAN099,"Cupid's Chokehold / Breakfast in America - Radio Mix","Cupid's Chokehold / Breakfast in America","Gym Class Heroes",2007-01-02,237173,53,false,saartje_paardestaartje,2026-02-14T17:33:08Z,"","Decaydance/Fueled By Ramen/ATL",0.584,0.681,1,-5.084,0,0.0781,0.495,0,0.289,0.821,79.702,4
spotify:track:6CFPFnS9EcLs2I0nWqtWci,"Because Of You","Because Of You","Ne-Yo",2007-01-01,266840,80,false,saartje_paardestaartje,2026-02-14T17:33:08Z,"","Def Soul",0.81,0.538,0,-5.783,0,0.0357,0.53,0,0.0951,0.832,109.97,4
spotify:track:0JJP0IS4w0fJx01EcrfkDe,"Dear Maria, Count Me In","So Wrong, It's Right","All Time Low",2007-09-25,182826,80,false,saartje_paardestaartje,2026-02-14T17:33:08Z,"pop punk,emo,punk","Hopeless Records",0.459,0.895,2,-3.126,1,0.0805,0.00725,0,0.206,0.572,181.04,4
spotify:track:7x8dCjCr0x6x2lXKujYD34,"The Pretender","Echoes, Silence, Patience & Grace","Foo Fighters",2007-09-25,269306,79,false,saartje_paardestaartje,2026-02-14T17:33:08Z,"rock,post-grunge,alternative rock,grunge","RCA Records Label",0.433,0.959,9,-4.04,1,0.0431,0.000917,0,0.028,0.365,172.984,4
spotify:track:7j31rVgGX9Q2blT92VBEA0,"Teenagers","The Black Parade","My Chemical Romance",2006-10-20,161920,83,false,saartje_paardestaartje,2026-02-14T17:33:08Z,"emo,pop punk","Reprise",0.463,0.857,4,-3.063,1,0.0632,0.0506,0,0.184,0.856,111.647,4
spotify:track:3RlsVPIIs5KFhLFhxZ4iDF,"Rockstar","All the Right Reasons (Walmart Exclusive Edition)","Nickelback",2005-09-26,252040,67,false,saartje_paardestaartje,2026-02-14T17:33:08Z,"post-grunge,rock","Roadrunner Records",0.616,0.91,0,-3.004,1,0.0386,0.0459,0,0.343,0.693,144.072,4
spotify:track:4Tf94tAHtlQxjbeeyU3y7C,"Beautiful Girls - Radio Edit","Beautiful Girls","Sean Kingston",2007-08-31,225373,53,false,saartje_paardestaartje,2026-02-14T17:33:08Z,"","Epic",0.764,0.65,1,-6.114,0,0.0673,0.169,0,0.298,0.766,130.021,4
spotify:track:4V2F0DZrAXOWq9hkwMMG3x,"Lost Without U","The Evolution of Robin Thicke","Robin Thicke",2006-01-01,254146,64,false,saartje_paardestaartje,2026-02-14T17:33:08Z,"","The Neptunes",0.664,0.351,0,-12.136,1,0.118,0.226,0.00000238,0.106,0.816,113.204,5
spotify:track:538hPQNtP190KcS3ZnWY5M,"Let It Go","Just Like You","Keyshia Cole;Missy Elliott;Lil' Kim",2007,238360,62,false,saartje_paardestaartje,2026-02-14T17:33:08Z,"r&b,hiphop,east coast hiphop","Geffen",0.81,0.721,1,-5.165,1,0.21,0.197,0,0.205,0.775,94.961,4
spotify:track:45hOioMDJktr86iKDHC8gr,"Girlfriend","The Best Damn Thing (Expanded Edition)","Avril Lavigne",2007-04-17,216600,78,true,saartje_paardestaartje,2026-02-14T17:33:08Z,"","RCA Records Label",0.56,0.959,7,-2.433,1,0.102,0.000722,0.000221,0.209,0.669,163.983,4
spotify:track:7iu0WYLdo4yksKf3seaxzI,"Hate That I Love You","Good Girl Gone Bad: Reloaded","Rihanna;Ne-Yo",2008-06-02,218946,74,false,saartje_paardestaartje,2026-02-14T17:33:08Z,"","Def Jam Recordings",0.637,0.73,5,-5.38,0,0.0877,0.322,0,0.0981,0.731,93.867,4
spotify:track:6BqWhxll86CGGE6WxgdRqG,"Golden Skans","Myths Of The Near Future","Klaxons",2007,165120,62,false,saartje_paardestaartje,2026-02-14T17:33:08Z,"new rave,alternative dance,indie","Polydor Records",0.463,0.836,2,-2.776,0,0.0381,0.000418,0.00000738,0.25,0.713,141.955,4
spotify:track:0wG4gampO24nC7VKm5pxjg,"She's So Lovely","Scouting For Girls (Expanded Edition)","Scouting For Girls",2007-09-17,223813,64,false,saartje_paardestaartje,2026-02-14T17:33:08Z,"","Sony Music UK",0.496,0.857,0,-3.313,1,0.0649,0.0622,0,0.0495,0.619,167.144,4
spotify:track:66TRwr5uJwPt15mfFkzhbi,"Crank That (Soulja Boy)","souljaboytellem.com","Soulja Boy",2007-01-01,221933,78,false,saartje_paardestaartje,2026-02-14T17:33:08Z,"","Collipark / Interscope",0.733,0.74,0,-2.18,1,0.0905,0.513,0,0.0468,0.799,140.2,4
spotify:track:1tkMs9wDPknQ3ZHcKDw1ES,"Buy U a Drank (Shawty Snappin') (feat. Yung Joc)","Epiphany (Expanded Edition)","T-Pain;Yung Joc",2007-06-05,227960,76,false,saartje_paardestaartje,2026-02-14T17:33:08Z,"crunk,dirty south rap","Jive/Legacy",0.693,0.549,1,-8.141,1,0.119,0.0109,0,0.0677,0.605,80.028,4
spotify:track:5lUTzPuiloBHm1qEaJcJfF,"Candyman","Back To Basics","Christina Aguilera",2006-08-14,194213,65,false,saartje_paardestaartje,2026-02-14T17:33:08Z,"","RCA Records Label",0.686,0.789,8,-4.713,0,0.23,0.0125,0.0147,0.142,0.72,172.976,4
spotify:track:3Zwu2K0Qa5sT6teCCHPShP,"Thnks fr th Mmrs","Infinity On High","Fall Out Boy",2007-01-01,203506,80,false,saartje_paardestaartje,2026-02-14T17:33:08Z,"emo,pop punk","Island Records",0.46,0.892,10,-5.046,0,0.0619,0.0051,0,0.106,0.59,154.844,4
spotify:track:7I6DceMT3utDOHjcYCbrr4,"Don't Matter","Konvicted","Akon",2006-01-01,293053,79,true,saartje_paardestaartje,2026-02-14T17:33:08Z,"","Konvict/Upfront/SRC/Universal Records",0.798,0.443,2,-6.062,1,0.0402,0.244,0,0.326,0.354,125.231,4
spotify:track:28IEbk5a7twNTbUEvWslUb,"Paralyzer","Them Vs. You Vs. Me (Deluxe Edition)","Finger Eleven",2007-01-01,208106,78,false,saartje_paardestaartje,2026-02-14T17:33:08Z,"","The Bicycle Music Company",0.644,0.939,11,-3.486,0,0.0456,0.157,0,0.233,0.861,106.031,4
spotify:track:1RGIjMFMgJxkZHMDXVYzOJ,"Bartender (feat. Akon)","Epiphany (Expanded Edition)","T-Pain;Akon",2007-06-05,238800,76,true,saartje_paardestaartje,2026-02-14T17:33:08Z,"","Jive/Legacy",0.832,0.391,8,-8.504,1,0.0628,0.0564,0,0.224,0.436,104.961,4
spotify:track:3wKKkGVn7cVSfgPeYYIiXG,"Kiss Kiss (feat. T-Pain)","Exclusive (Expanded Edition)","Chris Brown;T-Pain",2007-11-06,250666,76,false,saartje_paardestaartje,2026-02-14T17:33:08Z,"r&b","Jive",0.729,0.658,10,-3.386,0,0.225,0.0506,0,0.0693,0.551,140.043,3
spotify:track:1JwIBogbuZ4Yfb6nssXWa2,"Stop Me (feat. Daniel Merriweather)","Version","Mark Ronson;Daniel Merriweather",2007-04-16,232946,44,false,saartje_paardestaartje,2026-02-14T17:33:08Z,"","Columbia",0.626,0.906,0,-4.334,1,0.0403,0.00128,0.00000852,0.137,0.346,118.035,4
spotify:track:0CXVjQI9wsqaGeIARkkpYc,"I Wanna Love You","Konvicted","Akon;Snoop Dogg",2006-01-01,247066,79,true,saartje_paardestaartje,2026-02-14T17:33:08Z,"g funk,west coast hiphop,gangsterrap,old school hiphop,hiphop,rap","Konvict/Upfront/SRC/Universal Records",0.866,0.454,0,-9.383,1,0.0414,0.0373,0.00000149,0.275,0.368,99.982,4
spotify:track:49FYlytm3dAAraYgpoJZux,"Umbrella","Good Girl Gone Bad: Reloaded","Rihanna;JAY-Z",2008-06-02,275986,85,false,saartje_paardestaartje,2026-02-14T17:33:25Z,"hiphop,east coast hiphop,rap","Def Jam Recordings",0.585,0.828,1,-4.603,1,0.124,0.00906,0,0.0426,0.584,174.034,4
spotify:track:6etwirSInfuJrSOlogS6Sh,"American Boy","Shine","Estelle;Kanye West",2008-03-28,284733,82,true,saartje_paardestaartje,2026-02-14T17:33:25Z,"rap","Round Hill Records",0.693,0.729,0,-2.99,1,0.378,0.171,0,0.07,0.521,117.848,4
spotify:track:14iN3o8ptQ8cFVZTEmyQRV,"I Kissed A Girl","One Of The Boys","Katy Perry",2008-06-17,179640,76,false,saartje_paardestaartje,2026-02-14T17:33:25Z,"pop","Capitol Records",0.702,0.76,5,-3.174,1,0.0684,0.00226,0,0.132,0.696,129.996,4
spotify:track:0Z5ok0QLLttAKsujOZYOXf,"Chasing Pavements","19","Adele",2008-01-27,210506,77,false,saartje_paardestaartje,2026-02-14T17:33:25Z,"soft pop","XL Recordings",0.616,0.47,5,-6.092,0,0.0253,0.291,0,0.111,0.325,80.03,4
spotify:track:1ixbwbeBi5ufN4noUKmW5a,"Paper Planes","Kala","M.I.A.",2007-08-20,205200,79,false,saartje_paardestaartje,2026-02-14T17:33:25Z,"","XL Recordings",0.447,0.848,2,-6.175,1,0.222,0.033,0.0000746,0.65,0.485,172.253,4
spotify:track:3Fcfwhm8oRrBvBZ8KGhtea,"Viva La Vida","Viva La Vida or Death and All His Friends","Coldplay",2008-06-19,242373,74,false,saartje_paardestaartje,2026-02-14T17:33:25Z,"","Parlophone UK",0.486,0.617,5,-7.115,0,0.0287,0.0954,0.00000323,0.109,0.417,138.015,4
spotify:track:1jJci4qxiYcOHhQR247rEU,"Kids","Oracular Spectacular","MGMT",2007-12-14,302840,83,false,saartje_paardestaartje,2026-02-14T17:33:25Z,"indie","Red Ink/Columbia",0.451,0.931,9,-3.871,1,0.0719,0.00076,0.0049,0.361,0.172,122.961,4
spotify:track:4P7VFiaZb3xrXoqGwZXC3J,"Lollipop","Tha Carter III","Lil Wayne;Static Major",2008-06-10,299333,70,true,saartje_paardestaartje,2026-02-14T17:33:25Z,"rap,hiphop","CM/Republic",0.829,0.428,0,-9.469,1,0.0831,0.056,0.00413,0.137,0.45,148.075,4
spotify:track:3B3eOgLJSqPEA0RfboIQVM,"Skinny Love","For Emma, Forever Ago","Bon Iver",2008-02-19,238520,74,false,saartje_paardestaartje,2026-02-14T17:33:25Z,"","Jagjaguwar",0.592,0.263,4,-14.029,0,0.0568,0.845,0.00000568,0.127,0.109,76.366,4
spotify:track:5TRPicyLGbAF2LGBFbHGvO,"Flashing Lights","Graduation","Kanye West;Dwele",2007-09-11,237506,88,true,saartje_paardestaartje,2026-02-14T17:33:25Z,"rap,neo soul","Roc-A-Fella",0.639,0.628,6,-7.578,0,0.0398,0.0381,0,0.386,0.43,90.482,4
spotify:track:7dltD9eEX7X1zk8JJ9BS0e,"Superstar (feat. Matthew Santos)","Lupe Fiasco's The Cool","Lupe Fiasco;Matthew Santos",2007-01-01,289000,77,false,saartje_paardestaartje,2026-02-14T17:33:25Z,"","1st & 15th/Atlantic",0.572,0.822,11,-6.015,0,0.361,0.207,0,0.359,0.472,94.812,4
spotify:track:5VGlqQANWDKJFl0MBG3sg2,"Use Somebody","Only By The Night","Kings of Leon",2008-09-23,230760,82,false,saartje_paardestaartje,2026-02-14T17:33:25Z,"","RCA/Legacy",0.276,0.715,0,-5.356,1,0.0432,0.00552,0.000417,0.201,0.173,137.028,4
spotify:track:3K4r00KlXytLJDfuytngmx,"Warwick Avenue","Rockferry","Duffy",2008,226386,66,false,saartje_paardestaartje,2026-02-14T17:33:25Z,"","Polydor Records",0.493,0.59,0,-5.814,0,0.0392,0.339,0,0.121,0.502,169.908,4
spotify:track:2DrGEaqoruCSn0FffWCf5O,"A-Punk","Vampire Weekend","Vampire Weekend",2008-01-27,137760,66,false,saartje_paardestaartje,2026-02-14T17:33:25Z,"indie,barokpop","XL Recordings",0.551,0.819,2,-4.489,1,0.0525,0.0103,0.0437,0.153,0.846,174.917,4
spotify:track:6pTg4H8juKV9iSzrcVUbM3,"Dance Wiv Me - Radio Edit","Tongue N' Cheek (Dirtee Deluxe Edition)","Dizzee Rascal;Calvin Harris;Chrom3",2011-01-01,204093,67,false,saartje_paardestaartje,2026-02-14T17:33:25Z,"grime,britse grime,edm,britse r&b","Universal-Island Records Ltd.",0.878,0.746,11,-4.281,1,0.0451,0.0476,0,0.155,0.792,111.996,4
spotify:track:4E6cwWJWZw2zWf7VFbH7wf,"Love Song","Little Voice","Sara Bareilles",2007-07-03,258826,73,false,saartje_paardestaartje,2026-02-14T17:33:25Z,"","Epic",0.583,0.786,2,-3.142,0,0.0301,0.0208,0,0.188,0.573,123.055,4
spotify:track:0ntQJM78wzOLVeCUAW7Y45,"Sex on Fire","Only By The Night","Kings of Leon",2008-09-23,203346,86,false,saartje_paardestaartje,2026-02-14T17:33:25Z,"","RCA/Legacy",0.542,0.905,9,-5.653,1,0.054,0.00172,0.0104,0.136,0.374,153.398,4
spotify:track:1zusIxNqJu8i4g6P6hJ2Qa,"Mercy","Rockferry","Duffy",2008,219920,71,false,saartje_paardestaartje,2026-02-14T17:33:25Z,"","Polydor Records",0.793,0.859,0,-3.774,1,0.0332,0.266,0.000356,0.133,0.964,129.911,4
spotify:track:29TqbHtaTUjEDOBGJ5FNZX,"Clumsy","The Dutchess","Fergie",2006-09-13,240426,59,false,saartje_paardestaartje,2026-02-14T17:33:25Z,"","Will I Am / Fergie LP1",0.731,0.563,2,-4.046,1,0.131,0.191,0.000423,0.296,0.452,184.004,4
spotify:track:4AFwnrH5atiJoAd5xS5QtR,"The Man Who Can't Be Moved","The Script","The Script",2008-07-14,241373,74,false,saartje_paardestaartje,2026-02-14T17:33:25Z,"","Phonogenic",0.605,0.629,10,-5.051,1,0.0278,0.434,0,0.097,0.308,99.893,4
spotify:track:0GX5oOKtU0nnx5OkhenW2i,"Closer","Year Of The Gentleman","Ne-Yo",2008-01-01,234360,74,false,saartje_paardestaartje,2026-02-14T17:33:25Z,"","Def Soul",0.709,0.745,4,-6.436,0,0.074,0.0226,0.0000529,0.154,0.569,126.028,4
spotify:track:1kxeWHF9PrCVZHvVskv8lg,"Love Lockdown","808s & Heartbreak","Kanye West",2008-11-24,270306,66,false,saartje_paardestaartje,2026-02-14T17:33:25Z,"rap","Roc-A-Fella",0.76,0.524,1,-7.67,0,0.0323,0.0542,0.5,0.112,0.112,119.603,4
spotify:track:1oHClQEgDmmbcEx12Kc5nZ,"4 Minutes (feat. Justin Timberlake & Timbaland)","Celebration (double disc version)","Madonna;Justin Timberlake;Timbaland",2009-09-18,189693,77,false,saartje_paardestaartje,2026-02-14T17:33:25Z,"","Warner Records",0.753,0.931,2,-4.922,1,0.0653,0.00994,0.00696,0.234,0.767,113.026,4
spotify:track:2VOomzT6VavJOGBeySqaMc,"Disturbia","Good Girl Gone Bad: Reloaded","Rihanna",2008-06-02,238626,83,false,saartje_paardestaartje,2026-02-14T17:33:25Z,"","Def Jam Recordings",0.707,0.814,11,-4.509,0,0.0577,0.0861,0,0.168,0.717,124.921,4
spotify:track:12je8giC2S9smUHJ81tpiL,"5 Years Time","Peaceful, The World Lays Me Down","Noah And The Whale",2008-01-01,214933,67,false,saartje_paardestaartje,2026-02-14T17:33:25Z,"","EMI",0.804,0.552,0,-7.108,1,0.113,0.4,0,0.1,0.748,121.996,4
spotify:track:5wznxkB792LjSRdbZ1J1zo,"Sweet About Me","Lessons To Be Learned","Gabriella Cilmi",2008-01-01,202133,59,false,saartje_paardestaartje,2026-02-14T17:33:25Z,"","Universal-Island Records Ltd.",0.671,0.701,6,-5.035,1,0.0288,0.0607,0.0000027,0.163,0.585,131.977,4
spotify:track:1sTsuZTdANkiFd7T34H3nb,"Human","Day & Age (Bonus Tracks)","The Killers",2008-11-18,245373,77,false,saartje_paardestaartje,2026-02-14T17:33:25Z,"alternative rock","Island Records",0.557,0.8,10,-8.477,1,0.0601,0.00132,0.0012,0.0906,0.582,135.47,4
spotify:track:4HvjwZoiNSgEs1qMG7W01R,"Ain't No Rest For The Wicked","Cage The Elephant","Cage The Elephant",2008-06-23,175493,49,false,saartje_paardestaartje,2026-02-14T17:33:25Z,"","UMC (Universal Music Catalogue)",0.634,0.915,0,-5.631,1,0.109,0.0597,0,0.601,0.921,156.02,4
spotify:track:0ByMNEPAPpOR5H69DVrTNy,"Don't Stop The Music","Good Girl Gone Bad: Reloaded","Rihanna",2008-06-02,267080,86,false,saartje_paardestaartje,2026-02-14T17:33:25Z,"","Def Jam Recordings",0.834,0.669,6,-5.582,0,0.0637,0.0341,0.0000718,0.0535,0.547,122.669,4
spotify:track:5147DzKnamWyQdZwsYLHEJ,"Violet Hill","Viva La Vida or Death and All His Friends","Coldplay",2008-06-19,222653,53,false,saartje_paardestaartje,2026-02-14T17:33:25Z,"","Parlophone UK",0.33,0.58,1,-7.875,0,0.0374,0.0614,0.00129,0.115,0.11,76.093,4
spotify:track:0GrrLYCH8u81aENhC8FBF4,"That's Not My Name","We Started Nothing","The Ting Tings",2008-05-19,310573,53,false,saartje_paardestaartje,2026-02-14T17:33:25Z,"alternative dance","Columbia",0.755,0.901,9,-3.152,1,0.0893,0.0451,0.0373,0.363,0.959,145.042,4
spotify:track:0iGckQFyv6svOfAbAY9aWJ,"Hot N Cold","One Of The Boys","Katy Perry",2008-06-17,220226,78,false,saartje_paardestaartje,2026-02-14T17:33:25Z,"pop","Capitol Records",0.706,0.842,7,-3.956,1,0.0417,0.0000773,0,0.0688,0.861,132.032,4
spotify:track:1dzQoRqT5ucxXVaAhTcT0J,"Just Dance","The Fame","Lady Gaga;Colby O'Donis",2008-01-01,241933,84,false,saartje_paardestaartje,2026-02-14T17:33:25Z,"art pop,pop","Streamline/Interscope",0.822,0.739,1,-4.541,0,0.0311,0.0264,0.0000428,0.181,0.745,118.99,4
spotify:track:1oQZk2bKBLgP1cbuFKvjkq,"If I Were a Boy","I AM...SASHA FIERCE - Platinum Edition","Beyoncé",2008,249866,73,false,saartje_paardestaartje,2026-02-14T17:33:25Z,"","Music World Music/Columbia",0.63,0.504,6,-6.152,1,0.0334,0.0953,0,0.308,0.487,89.946,4
spotify:track:1EzrEOXmMH3G43AXT1y7pA,"I'm Yours","We Sing. We Dance. We Steal Things.","Jason Mraz",2008-05-12,242946,77,false,saartje_paardestaartje,2026-02-14T17:33:25Z,"soft pop,akoestische pop","Atlantic Records/ATG",0.703,0.444,11,-9.331,1,0.0417,0.559,0,0.0973,0.712,150.96,4
spotify:track:4fixebDZAVToLbUCuEloa2,"Womanizer","Circus (Deluxe Version)","Britney Spears",2008-12-02,224034,81,false,saartje_paardestaartje,2026-02-14T17:33:25Z,"pop","Jive",0.724,0.695,11,-5.226,1,0.0622,0.073,0,0.0889,0.235,139,4
spotify:track:72by3Re4C3eVEBXvsUo0zV,"Green Light (feat. André 3000)","Evolver","John Legend;André 3000",2008-10-27,284186,59,false,saartje_paardestaartje,2026-02-14T17:33:25Z,"soft pop,neo soul","G.O.O.D. Music/Columbia",0.622,0.882,9,-5.59,0,0.119,0.0912,0,0.216,0.762,77.506,4
spotify:track:37QOvoAg1EC0PgWnfMrRmi,"Shut Up and Let Me Go","We Started Nothing","The Ting Tings",2007,171226,55,false,saartje_paardestaartje,2026-02-14T17:33:25Z,"alternative dance","Columbia",0.852,0.927,7,-4.497,1,0.0581,0.0109,0.00268,0.054,0.887,107.993,4
spotify:track:2CvOqDpQIMw69cCzWqr5yr,"Halo","I AM...SASHA FIERCE - Platinum Edition","Beyoncé",2008,261160,76,false,saartje_paardestaartje,2026-02-14T17:33:25Z,"","Music World Music/Columbia",0.422,0.712,11,-5.907,0,0.1,0.273,0,0.051,0.471,78.454,4
spotify:track:1yJ5fyqBusR7Verj8JGsKV,"Miss Independent","Year Of The Gentleman","Ne-Yo",2008-01-01,232000,67,false,saartje_paardestaartje,2026-02-14T17:33:25Z,"","Def Soul",0.668,0.673,1,-5.714,1,0.145,0.48,0,0.194,0.727,171.812,4
spotify:track:1wva1IlWLDNLgwipUWcmjy,"Sensual Seduction","Sensual Seduction","Snoop Dogg",2007-01-01,245520,55,false,saartje_paardestaartje,2026-02-14T17:33:25Z,"g funk,west coast hiphop,gangsterrap,old school hiphop,hiphop,rap","Geffen",0.756,0.829,11,-3.973,1,0.0682,0.003,0.0000346,0.0578,0.504,120.163,4
spotify:track:6ScJMrlpiLfZUGtWp4QIVt,"A Milli","Tha Carter III","Lil Wayne",2008-06-10,221840,71,true,saartje_paardestaartje,2026-02-14T17:33:25Z,"rap,hiphop","CM/Republic",0.674,0.695,6,-8.636,0,0.278,0.0387,0.00202,0.194,0.773,151.486,4
spotify:track:3AjyOYxBv8bByfBtG5o9dP,"See You Again","Meet Miley Cyrus","Miley Cyrus",2007-06-26,190453,70,false,saartje_paardestaartje,2026-02-14T17:33:25Z,"","Hollywood Records",0.692,0.911,9,-5.098,0,0.177,0.015,0.0000771,0.112,0.8,138.975,4
spotify:track:3goSVuTt3fDYDP6kRnFwuL,"Take A Bow","Good Girl Gone Bad: Reloaded","Rihanna",2008-06-02,229413,78,false,saartje_paardestaartje,2026-02-14T17:33:25Z,"","Def Jam Recordings",0.518,0.467,9,-7.536,1,0.162,0.248,0,0.0941,0.559,79.965,4
spotify:track:3ODl8J0TZAykdMCtCIO28n,"Another Way to Die","As I Am (Expanded Edition)","Jack White;Alicia Keys",2007-11-09,262240,55,false,saartje_paardestaartje,2026-02-14T17:33:25Z,"bluesrock,garagerock,r&b,neo soul","J Records",0.486,0.765,4,-4.23,0,0.128,0.0239,0.0000302,0.11,0.386,141.933,4
spotify:track:3jlbL2OTD5YmIunYzgQTAN,"Live Your Life","Paper Trail","T.I.;Rihanna",2008-09-07,338853,78,true,saartje_paardestaartje,2026-02-14T17:33:25Z,"dirty south rap","Grand Hustle, LLC",0.375,0.862,11,-3.363,0,0.255,0.071,0,0.211,0.478,159.841,4
spotify:track:4NOZ35Dhucr6UlVyLOtktd,"Dangerous","Not 4 Sale","Kardinal Offishall;Akon",2008-01-01,246053,81,true,saartje_paardestaartje,2026-02-14T17:33:25Z,"","Konvict Live/Geffen Records",0.949,0.789,8,-5.956,1,0.0755,0.00437,0,0.0816,0.808,117.002,4
spotify:track:0JiY190vktuhSGN6aqJdrt,"So What","Funhouse (Expanded Edition)","P!nk",2008-10-24,215160,77,true,saartje_paardestaartje,2026-02-14T17:33:25Z,"","LaFace Records",0.534,0.87,11,-3.078,0,0.0425,0.000334,0,0.241,0.462,126.019,4
spotify:track:6wZI4mdT8JwXgkGURnBQiq,"Say","Say","John Mayer",2006-10-13,230213,62,false,saartje_paardestaartje,2026-02-14T17:33:25Z,"singer-songwriter","Columbia",0.485,0.723,10,-6.565,1,0.0317,0.541,0.00000112,0.075,0.541,167.845,4
spotify:track:6QQG95C5Evjbichtoxl4RH,"Burnin' Up","A Little Bit Longer","Jonas Brothers",2008-08-12,175106,70,false,saartje_paardestaartje,2026-02-14T17:33:25Z,"","Tempo Music",0.662,0.948,2,-3.421,1,0.0763,0.0303,0,0.341,0.842,114.053,4
spotify:track:0CAfXk7DXMnon4gLudAp7J,"Low (feat. T-Pain)","Mail on Sunday","Flo Rida;T-Pain",2008-03-17,231400,86,false,saartje_paardestaartje,2026-02-14T17:33:25Z,"","Poe Boy/Atlantic",0.918,0.609,10,-5.64,0,0.0791,0.0928,0,0.139,0.304,128.008,4
spotify:track:2aEuXA1KswHlCGPOuPmCOW,"Touch My Body","E=MC2 (Deluxe Version)","Mariah Carey",2008-04-04,204733,74,false,saartje_paardestaartje,2026-02-14T17:33:25Z,"kerst","Def Jam Recordings",0.714,0.665,4,-7.736,0,0.0509,0.0996,0,0.226,0.842,78.515,4
spotify:track:4LloVtxNZpeh7q7xdi1DQc,"Free Fallin' - Live at the Nokia Theatre, Los Angeles, CA - December 2007","Where the Light Is: John Mayer Live In Los Angeles","John Mayer",2008,263573,72,false,saartje_paardestaartje,2026-02-14T17:33:25Z,"singer-songwriter","Columbia",0.315,0.296,5,-13.262,1,0.0315,0.771,0,0.702,0.435,173.509,4
spotify:track:5Lgcn7u07bHuqbOtXkN62u,"With You","Exclusive (Expanded Edition)","Chris Brown",2007-11-06,252120,80,false,saartje_paardestaartje,2026-02-14T17:33:25Z,"r&b","Jive",0.662,0.693,3,-4.298,1,0.0698,0.134,0,0.145,0.655,86.009,4
spotify:track:1D4PL9B8gOg78jiHg3FvBb,"Love Story","Fearless (Big Machine Radio Release Special)","Taylor Swift",2008-11-11,236266,77,false,saartje_paardestaartje,2026-02-14T17:33:25Z,"","Taylor Swift",0.617,0.741,2,-3.97,1,0.0311,0.131,0,0.0772,0.306,118.984,4
spotify:track:5rX6C5QVvvZB7XckETNych,"All Summer Long","Rock n Roll Jesus","Kid Rock",2007-10-09,297586,73,false,saartje_paardestaartje,2026-02-14T17:33:25Z,"","Top Dog/Atlantic",0.7,0.864,7,-3.629,1,0.0283,0.0212,0,0.0956,0.887,102.997,4
spotify:track:0OYcEfskah1egYHjYRvbg1,"Shadow of the Day","Minutes to Midnight","Linkin Park",2007-05-14,289906,71,false,saartje_paardestaartje,2026-02-14T17:33:25Z,"nu metal,rapmetal,rock,alternative metal","Warner Records",0.529,0.376,11,-7.913,1,0.0288,0.00539,0.0195,0.107,0.0581,110.026,4
spotify:track:3tSuRiNgJmMqmYR23dCqnR,"I Hate This Part","Doll Domination (Deluxe)","The Pussycat Dolls",2008-09-23,218400,67,false,saartje_paardestaartje,2026-02-14T17:33:25Z,"","Pussycat Dolls LP2 / Timbaland",0.756,0.612,5,-4.371,1,0.0315,0.0659,0,0.274,0.453,111.574,4
spotify:track:2iXBZ32Fz5VDCLeE0JIdX5,"Better in Time","Spirit","Leona Lewis",2007,234173,72,false,saartje_paardestaartje,2026-02-14T17:33:25Z,"","Syco Music UK",0.584,0.7,6,-4.251,1,0.0505,0.512,0.0000244,0.13,0.545,163.95,4
spotify:track:7xjut3yY1qOBy5Fi1egX0i,"Wow","X","Kylie Minogue",2007-11-21,190973,43,false,saartje_paardestaartje,2026-02-14T17:33:25Z,"dance pop","Parlophone UK",0.654,0.884,9,-5.466,1,0.202,0.151,0.000268,0.379,0.851,124.072,4
spotify:track:4D2cYdHqk8tu65jUig4OcN,"Can't Believe It (feat. Lil' Wayne)","Three Ringz (Thr33 Ringz) [Expanded Edition]","T-Pain;Lil Wayne",2008-11-11,273826,66,false,saartje_paardestaartje,2026-02-14T17:33:25Z,"rap,hiphop","Jive/Legacy",0.649,0.515,10,-8.869,0,0.0486,0.0018,0,0.0773,0.0766,89.828,4
spotify:track:59qPP8coY8EWIQ9nQDThui,"Give It 2 Me","Hard Candy","Madonna",2008-04-19,287906,59,false,saartje_paardestaartje,2026-02-14T17:33:25Z,"","Warner Records",0.837,0.954,8,-3.512,0,0.0414,0.0933,0.000405,0.143,0.972,127.019,4
spotify:track:0F2BxpbxH8Yc3pLub48hrb,"Pjanoo - Radio Edit","Pjanoo","Eric Prydz",2008-08-29,157432,65,false,saartje_paardestaartje,2026-02-14T17:33:25Z,"","Pryda Presents",0.605,0.874,7,-4.949,0,0.0295,0.000563,0.812,0.112,0.836,125.99,4
spotify:track:6AdLyvisRKHLAwARaZMGr6,"Take You There","Sean Kingston","Sean Kingston",2008-03-11,236693,72,false,saartje_paardestaartje,2026-02-14T17:33:25Z,"","Epic/Beluga Heights",0.752,0.921,5,-4.321,0,0.0696,0.0182,0,0.256,0.634,115.033,4
spotify:track:6TfBA04WJ3X1d1wXhaCFVT,"You're Gonna Go Far, Kid","Rise And Fall, Rage And Grace","The Offspring",2008-06-17,177826,82,true,saartje_paardestaartje,2026-02-14T17:33:25Z,"punk,skate punk","Concord Records",0.55,0.917,0,-3.159,1,0.0638,0.00428,0,0.197,0.601,126.115,4
spotify:track:4xISjdYpFEMsAFC2ax7OVE,"Shimbalaiê","Maria Gadú","Maria Gadú",2009-07-20,196906,56,false,saartje_paardestaartje,2026-02-14T17:33:39Z,"mpb,nieuwe mpb","Som Livre",0.743,0.485,0,-9.604,1,0.0452,0.821,0,0.0817,0.512,101.975,4
spotify:track:4RzFPIpnYo7vf0kQI8Gdg1,"Cedo Ou Tarde","Agora","NX Zero",2008-01-01,193466,63,false,saartje_paardestaartje,2026-02-14T17:33:39Z,"braziliaanse rock,emo,braziliaanse pop","Universal Music Ltda.",0.594,0.924,10,-2.907,1,0.0269,0.336,0,0.277,0.416,107.258,4
spotify:track:5r5cp9IpziiIsR6b93vcnQ,"Walking On A Dream","Walking On A Dream (10th Anniversary Edition)","Empire Of The Sun",2008-10-03,198440,86,false,saartje_paardestaartje,2026-02-14T17:33:39Z,"","EMI Recorded Music Australia Pty Ltd",0.871,0.701,5,-5.594,0,0.0458,0.257,0.00000752,0.0589,0.716,126.975,4
spotify:track:4kLLWz7srcuLKA7Et40PQR,"I Gotta Feeling","THE E.N.D. (THE ENERGY NEVER DIES) [Deluxe Version]","Black Eyed Peas",2009-01-01,289133,84,false,saartje_paardestaartje,2026-02-14T17:33:39Z,"","Interscope",0.744,0.766,0,-6.375,1,0.0265,0.0873,0,0.509,0.61,127.966,4
spotify:track:456WNXWhDwYOSf5SpTuqxd,"Dog Days Are Over","Lungs (Deluxe Version)","Florence + The Machine",2009,252818,81,false,saartje_paardestaartje,2026-02-14T17:33:39Z,"barokpop","Universal-Island Records Ltd.",0.501,0.809,7,-5.264,1,0.0938,0.0338,0.00602,0.119,0.258,149.964,4
spotify:track:7cH270vt9yC03pKWmqUZ0z,"Not Fair","It's Not Me, It's You","Lily Allen",2009-01-26,202546,59,true,saartje_paardestaartje,2026-02-14T17:33:39Z,"","Parlophone UK",0.718,0.806,5,-9.191,1,0.0376,0.052,0.0137,0.0932,0.929,121.488,4
spotify:track:2igwFfvr1OAGX9SKDCPBwO,"Empire State Of Mind","The Blueprint 3","JAY-Z;Alicia Keys",2009-09-08,276920,86,true,saartje_paardestaartje,2026-02-14T17:33:39Z,"hiphop,east coast hiphop,rap,r&b,neo soul","Roc Nation / Jay-Z",0.491,0.956,11,-1.538,1,0.392,0.0295,0,0.46,0.811,173.585,4
spotify:track:3F9ByoUqu31xU0I3G5xfVg,"Meet Me Halfway","THE E.N.D. (THE ENERGY NEVER DIES) [Deluxe Version]","Black Eyed Peas",2009-01-01,284373,82,false,saartje_paardestaartje,2026-02-14T17:33:39Z,"","Interscope",0.798,0.629,11,-6.857,0,0.0735,0.00474,0.0000229,0.324,0.4,130.002,4
spotify:track:2dGxjfhFXDIUX9h5ImyKkE,"Sexy Bitch (feat. Akon)","One More Love","David Guetta;Akon",2010-11-22,195853,81,true,saartje_paardestaartje,2026-02-14T17:33:39Z,"edm","Parlophone (France)",0.813,0.627,11,-5.018,0,0.0486,0.0771,0.000616,0.131,0.801,130.011,4
spotify:track:244AvzGQ4Ksa5637JQu5Gy,"You've Got The Love","Lungs (Deluxe Version)","Florence + The Machine",2009,168666,77,false,saartje_paardestaartje,2026-02-14T17:33:39Z,"barokpop","Universal-Island Records Ltd.",0.574,0.694,6,-4.697,1,0.0327,0.00481,0,0.102,0.401,109.85,4
spotify:track:3eGDjKXH3ETuBwILa817Ri,"The Fear","It's Not Me, It's You","Lily Allen",2009-01-26,207120,47,true,saartje_paardestaartje,2026-02-14T17:33:39Z,"","Parlophone UK",0.661,0.847,10,-6.948,1,0.0404,0.419,0.0000882,0.107,0.522,134.002,4
spotify:track:4EWCNWgDS8707fNSZ1oaA5,"Heartless","808s & Heartbreak","Kanye West",2008-11-24,211000,87,false,saartje_paardestaartje,2026-02-14T17:33:39Z,"rap","Roc-A-Fella",0.79,0.647,10,-5.983,0,0.136,0.0515,0,0.248,0.654,87.999,4
spotify:track:59dLtGBS26x7kc0rHbaPrq,"Nothin' on You (feat. Bruno Mars)","B.o.B Presents: The Adventures of Bobby Ray","B.o.B;Bruno Mars",2010-04-27,268320,87,false,saartje_paardestaartje,2026-02-14T17:33:39Z,"","Rebel Rock/Grand Hustle/Atlantic",0.688,0.853,10,-5.814,1,0.0493,0.386,0,0.0862,0.743,103.993,4
spotify:track:3ZHfX6kbiY7JVsB63lLOLu,"The Only Exception","Brand New Eyes","Paramore",2009-09-25,267653,70,false,saartje_paardestaartje,2026-02-14T17:33:39Z,"pop punk,emo","Fueled By Ramen/Atlantic",0.452,0.563,4,-6.607,1,0.0272,0.144,0,0.143,0.209,137.715,3
spotify:track:60PAzFNW3vAiAiVK6DRJfB,"Day 'N' Nite (Nightmare)","Man On The Moon: The End Of Day (Int'l Version)","Kid Cudi",2009-01-01,221240,72,false,saartje_paardestaartje,2026-02-14T17:33:39Z,"","Kid Cudi/Universal Records",0.88,0.443,11,-6.359,0,0.0653,0.462,0.00000713,0.122,0.803,138.018,4
spotify:track:2wNGoon7FlKnVEyYS1ZRBQ,"Sweet Dreams","I AM...SASHA FIERCE - Platinum Edition","Beyoncé",2008,207480,67,false,saartje_paardestaartje,2026-02-14T17:33:39Z,"","Music World Music/Columbia",0.693,0.822,1,-6.01,1,0.102,0.0995,0.0000173,0.061,0.765,121.969,4
spotify:track:4gCxbENXySW17fSJm43zF0,"Bonkers","Tongue N' Cheek","Dizzee Rascal;Armand Van Helden",2011-01-01,177573,43,false,saartje_paardestaartje,2026-02-14T17:33:39Z,"grime,britse grime,discohouse,funky house","Universal-Island Records Ltd.",0.624,0.977,11,-3.34,0,0.22,0.00615,0,0.253,0.74,126.127,4
spotify:track:02XnQdf7sipaKBBHixz3Zp,"Paparazzi","The Fame","Lady Gaga",2008-01-01,208306,81,true,saartje_paardestaartje,2026-02-14T17:33:39Z,"art pop,pop","Streamline/Interscope",0.762,0.692,5,-3.973,0,0.0437,0.112,0,0.094,0.397,114.903,4
spotify:track:4fIWvT19w9PR0VVBuPYpWA,"Haven't Met You Yet","Crazy Love","Michael Bublé",2009-10-06,244586,70,false,saartje_paardestaartje,2026-02-14T17:33:39Z,"kerst","143/Reprise",0.615,0.733,8,-4.808,1,0.0335,0.152,0,0.109,0.796,122.58,4
spotify:track:1i1OuCNhNf7JwrlWlFZFu1,"That's Not My Name","We Started Nothing","The Ting Tings",2007,310573,61,false,saartje_paardestaartje,2026-02-14T17:33:39Z,"alternative dance","Columbia",0.755,0.901,9,-3.152,1,0.0893,0.0451,0.0373,0.363,0.959,145.042,4
spotify:track:7LR85XLWw2yXqKBSI5brbG,"Run This Town","The Blueprint 3","JAY-Z;Rihanna;Kanye West",2009-09-08,267520,81,true,saartje_paardestaartje,2026-02-14T17:33:39Z,"hiphop,east coast hiphop,rap","Roc Nation / Jay-Z",0.632,0.924,1,-1.802,1,0.29,0.281,0,0.263,0.441,86.844,4
spotify:track:2usrT8QIbIk9y0NEtQwS4j,"Intro","xx","The xx",2009-08-16,127920,74,false,saartje_paardestaartje,2026-02-14T17:33:39Z,"","Young",0.617,0.778,9,-8.872,0,0.027,0.459,0.925,0.128,0.152,100.363,4
spotify:track:3E7dfMvvCLUddWissuqMwr,"Party In The U.S.A.","The Time Of Our Lives (International Version)","Miley Cyrus",2009-01-01,202066,82,false,saartje_paardestaartje,2026-02-14T17:33:39Z,"","Hollywood Records",0.652,0.698,10,-4.667,0,0.042,0.00112,0.000115,0.0886,0.47,96.021,4
spotify:track:7xkQdy0cy5ymoWT7nedvLz,"Whatcha Say","Jason Derulo (International)","Jason Derulo",2010-02-26,221253,75,false,saartje_paardestaartje,2026-02-14T17:33:39Z,"","Beluga Heights/Warner Records",0.615,0.711,11,-5.507,1,0.0779,0.0444,0,0.145,0.711,144.036,4
spotify:track:0eH2eHURaXUP15D8gQlfjx,"LoveGame","The Fame","Lady Gaga",2008-01-01,216333,76,false,saartje_paardestaartje,2026-02-14T17:33:39Z,"art pop,pop","Streamline/Interscope",0.894,0.678,6,-5.611,0,0.0523,0.00569,0.00000243,0.317,0.844,105.029,4
spotify:track:1GxHeBvQ9935Dd3cSfsfBa,"Best I Ever Had","Thank Me Later (Int'l Version)","Drake",2010-01-01,258760,57,true,saartje_paardestaartje,2026-02-14T17:33:39Z,"rap","Cash Money Records/Young Money Ent./Universal Rec.",0.431,0.894,5,-2.673,0,0.33,0.0951,0,0.188,0.605,162.161,4
spotify:track:5gb9UJkh8TfrNMRYOJNbew,"Gives You Hell","When The World Comes Down","The All-American Rejects",2008-01-01,213106,70,false,saartje_paardestaartje,2026-02-14T17:33:39Z,"pop punk,emo","Interscope",0.718,0.691,4,-6.44,1,0.0387,0.0159,0,0.0627,0.552,100.008,4
spotify:track:0Ln5tJyLX5qusquBOtq7wf,"Fire","West Ryder Pauper Lunatic Asylum","Kasabian",2009,252279,70,false,saartje_paardestaartje,2026-02-14T17:33:39Z,"britpop,indie,indierock","Columbia",0.525,0.742,10,-5.643,1,0.0311,0.0874,0.149,0.117,0.179,117.029,4
spotify:track:4VqPOruhp5EdPBeR92t6lQ,"Uprising","The Resistance","Muse",2009-09-10,304840,79,false,saartje_paardestaartje,2026-02-14T17:33:39Z,"alternative rock,rock","Warner Records",0.602,0.905,2,-4.046,1,0.0775,0.000202,0.064,0.117,0.411,128.019,4
spotify:track:4kgTdThcDHfuDS2kKxB7Lc,"You Belong With Me","Fearless (Platinum Edition)","Taylor Swift",2008-11-11,231146,61,false,saartje_paardestaartje,2026-02-14T17:33:39Z,"","Taylor Swift",0.687,0.771,6,-4.424,1,0.0384,0.164,0.0000246,0.112,0.445,129.964,4
spotify:track:1JzC9MScDhIomsiRIZYJO8,"Make Her Say","Man On The Moon: The End Of Day (Int'l Version)","Kid Cudi;Kanye West;Common",2009-01-01,216413,50,true,saartje_paardestaartje,2026-02-14T17:33:39Z,"rap,hiphop,jazz rap,neo soul","Kid Cudi/Universal Records",0.93,0.71,10,-5.262,0,0.0693,0.25,0.0000218,0.12,0.457,99.052,4
spotify:track:2q4rjDy9WhaN3o9MvDbO21,"Kiss Me Thru The Phone","iSouljaBoyTellem","Soulja Boy;Sammie",2008-01-01,193386,82,false,saartje_paardestaartje,2026-02-14T17:33:39Z,"","Collipark / Interscope",0.758,0.712,7,-3.781,1,0.112,0.0188,0,0.0677,0.794,150.001,4
spotify:track:0GWGZA5mxo9nHuSyrj70uo,"When Love Takes Over (feat. Kelly Rowland)","One More Love","David Guetta;Kelly Rowland",2010-11-22,191000,77,false,saartje_paardestaartje,2026-02-14T17:33:39Z,"edm","Parlophone (France)",0.675,0.862,11,-4.614,1,0.0253,0.0165,0.000427,0.169,0.498,129.967,4
spotify:track:557un1HgwYMuqfWGSTmnxw,"Single Ladies (Put a Ring on It)","I AM...SASHA FIERCE - Platinum Edition","Beyoncé",2008,192586,70,false,saartje_paardestaartje,2026-02-14T17:33:39Z,"","Music World Music/Columbia",0.426,0.584,1,-5.293,1,0.296,0.0383,0,0.192,0.272,193.438,4
spotify:track:32yIEFS62uS5ryhr2Xlooj,"Hotel Room Service","Hotel Room Service","Pitbull",2009-06-11,238506,61,false,saartje_paardestaartje,2026-02-14T17:33:39Z,"","Mr.305/Polo Grounds Music/J Records",0.849,0.599,6,-8.164,1,0.227,0.00301,0.000249,0.0763,0.761,126.003,4
spotify:track:5UsLjwBaTHBX4ektWIr4XX,"Forever","Relapse: Refill","Drake;Kanye West;Lil Wayne;Eminem",2009-05-15,357706,71,true,saartje_paardestaartje,2026-02-14T17:33:39Z,"rap,hiphop","Eminem Catalog PS",0.457,0.906,5,-2.278,0,0.342,0.249,0,0.182,0.54,104.02,5
spotify:track:0SiywuOBRcynK0uKGWdCnn,"Bad Romance","The Fame Monster (Deluxe Edition)","Lady Gaga",2009-11-05,294573,86,true,saartje_paardestaartje,2026-02-14T17:33:39Z,"art pop,pop","Interscope",0.695,0.921,0,-3.752,1,0.0363,0.00314,0.0000526,0.0842,0.714,119.007,4
spotify:track:5EGPf0nqO7vEIwsOX6Er98,"Obsessed","Memoirs of an imperfect Angel (International Version)","Mariah Carey",2009-09-29,242200,81,false,saartje_paardestaartje,2026-02-14T17:33:39Z,"kerst","Def Jam Recordings",0.742,0.467,10,-5.557,0,0.0624,0.0458,0,0.826,0.366,86.442,4
spotify:track:0CINJz55gaKzuAsqhZ0hEU,"Waking Up In Vegas","One Of The Boys","Katy Perry",2008-06-17,199186,54,false,saartje_paardestaartje,2026-02-14T17:33:39Z,"pop","Capitol Records",0.524,0.878,5,-3.108,0,0.0346,0.0012,0,0.098,0.589,130.985,4
spotify:track:3OWcWJz1c0pIc6L3IDDhpP,"Knock You Down","In A Perfect World...","Keri Hilson;Kanye West;Ne-Yo",2009-01-01,326186,63,true,saartje_paardestaartje,2026-02-14T17:33:39Z,"rap","Mosley / Interscope",0.587,0.878,8,-4.781,1,0.16,0.00922,0,0.171,0.646,155.167,4
spotify:track:16XNk3bVCSHXN1rlwbXtHb,"Birthday Sex","Jeremih","Jeremih",2009-01-01,226506,73,false,saartje_paardestaartje,2026-02-14T17:33:39Z,"","Bu Vision LLC / IDJ",0.679,0.522,7,-5.603,0,0.0427,0.297,0,0.15,0.445,60.014,4
spotify:track:6yRraj2ghJiIcVbQ6Vb59Q,"In For The Kill","La Roux","La Roux",2009,248626,59,false,saartje_paardestaartje,2026-02-14T17:33:39Z,"","Polydor Records",0.629,0.969,8,-0.276,0,0.0455,0.0018,0,0.122,0.906,150.01,4
spotify:track:1QV6tiMFM6fSOKOGLMHYYg,"Poker Face","The Fame","Lady Gaga",2008-01-01,237200,85,true,saartje_paardestaartje,2026-02-14T17:33:39Z,"art pop,pop","Streamline/Interscope",0.851,0.806,4,-4.618,1,0.0787,0.119,0.00000172,0.121,0.774,119.001,4
spotify:track:0IktbUcnAGrvD03AWnz3Q8,"Lucky","We Sing. We Dance. We Steal Things.","Jason Mraz;Colbie Caillat",2008-05-12,189613,68,false,saartje_paardestaartje,2026-02-14T17:33:39Z,"soft pop,akoestische pop","Atlantic Records/ATG",0.625,0.414,0,-8.7,1,0.0369,0.294,0,0.151,0.669,130.088,4
spotify:track:0HPD5WQqrq7wPWR7P7Dw1i,"TiK ToK","Animal (Expanded Edition)","Kesha",2010-01-01,199693,84,false,saartje_paardestaartje,2026-02-14T17:33:39Z,"","RCA Records Label",0.755,0.837,2,-2.718,0,0.142,0.0991,0,0.289,0.714,120.028,4
spotify:track:5x5JM1BSB6vollcIzDocqT,"The Climb","The Time Of Our Lives (International Version)","Miley Cyrus",2009-01-01,234520,75,false,saartje_paardestaartje,2026-02-14T17:33:39Z,"","Hollywood Records",0.336,0.602,4,-6.354,1,0.0325,0.0635,0,0.141,0.299,161.01,4
spotify:track:4LiJE6pqgsTX3FtukW6bNh,"Release Me","Dance Love Pop (The Love Love Love Edition)","Agnes",2008-04-01,256213,66,false,saartje_paardestaartje,2026-02-14T17:33:39Z,"zweedse pop","Roxy Recordings",0.621,0.923,2,-3.124,0,0.0321,0.00645,0.0000728,0.108,0.716,127.973,4
spotify:track:07POri5O6Xu0aVZzlvOcpy,"I'm Not Alone - Radio Edit","Ready For The Weekend","Calvin Harris",2009-08-17,210973,60,false,saartje_paardestaartje,2026-02-14T17:33:39Z,"edm","Columbia",0.597,0.684,7,-6.614,1,0.0321,0.00481,0.105,0.317,0.435,130.99,4
spotify:track:2hdy9Wt9qp7M7d0U3ossu2,"If U Seek Amy","Circus (Deluxe Version)","Britney Spears",2008-12-02,216519,74,false,saartje_paardestaartje,2026-02-14T17:33:39Z,"pop","Jive",0.717,0.587,4,-7.296,0,0.0339,0.0192,0,0.0523,0.544,129.954,4
spotify:track:3GpbwCm3YxiWDvy29Uo3vP,"Right Round","R.O.O.T.S. (Route of Overcoming the Struggle)","Flo Rida;Kesha",2009-03-23,204640,84,false,saartje_paardestaartje,2026-02-14T17:33:39Z,"","Poe Boy/Atlantic",0.72,0.672,7,-6.852,1,0.0551,0.009,0,0.232,0.705,124.986,4
spotify:track:6a8GbQIlV8HBUW3c6Uk9PH,"I Know You Want Me (Calle Ocho)","Pitbull Starring In Rebelution","Pitbull",2009-10-23,237120,60,false,saartje_paardestaartje,2026-02-14T17:33:39Z,"","Mr.305/Polo Grounds Music/J Records",0.825,0.743,2,-5.995,1,0.149,0.0142,0.0000212,0.237,0.8,127.045,4
spotify:track:2oENJa1T33GJ0w8dC167G4,"Fire Burning","Tomorrow","Sean Kingston",2009-09-07,239986,76,false,saartje_paardestaartje,2026-02-14T17:33:39Z,"","Epic/Beluga Heights",0.839,0.804,1,-2.513,1,0.0329,0.0192,0,0.331,0.888,122.973,4
spotify:track:08uGhvS5MfBk7crUCpnjva,"Blame It","Intuition","Jamie Foxx;T-Pain",2008-12-11,289746,67,true,saartje_paardestaartje,2026-02-14T17:33:39Z,"","J Records",0.673,0.614,7,-5.426,1,0.103,0.0782,0,0.139,0.362,176.052,4
spotify:track:7f2YrnkCsVAmsTgLf7GFAy,"Sober","Greatest Hits...So Far!!!","P!nk",2010-11-12,251440,40,false,saartje_paardestaartje,2026-02-14T17:33:39Z,"","LaFace Records",0.614,0.792,6,-4.907,1,0.0299,0.0653,0,0.195,0.407,91.066,4
spotify:track:3rMsX63C0IZVnOT5LGYoTH,"Russian Roulette","Rated R","Rihanna",2009-11-20,227533,69,true,saartje_paardestaartje,2026-02-14T17:33:39Z,"","Def Jam Recordings",0.48,0.486,6,-5.754,0,0.0447,0.0469,0,0.107,0.265,80.051,4
spotify:track:1IAzD1muglOxOcPbUHs70R,"Whatever You Like","Paper Trail","T.I.",2008-09-07,249533,78,true,saartje_paardestaartje,2026-02-14T17:33:39Z,"dirty south rap","Grand Hustle, LLC",0.68,0.687,9,-6.162,0,0.0709,0.0161,0,0.261,0.467,150.053,4
spotify:track:64yrDBpcdwEdNY9loyEGbX,"21 Guns","21st Century Breakdown","Green Day",2009-05-15,321093,78,false,saartje_paardestaartje,2026-02-14T17:33:39Z,"punk,pop punk","Reprise",0.268,0.742,5,-4.939,1,0.0355,0.0518,0,0.626,0.416,159.779,4
spotify:track:3mJq2ZlI3ZN8hvmRSdzRy9,"Fallin' For You","Breakthrough (Int'l Deluxe Version)","Colbie Caillat",2009-01-01,215320,60,false,saartje_paardestaartje,2026-02-14T17:33:39Z,"","Universal Records",0.645,0.825,4,-6.473,1,0.0273,0.161,0,0.114,0.641,117.037,4
spotify:track:7rQEsMAmRB4KaXhx3xJM13,"Holiday","Tongue N' Cheek","Dizzee Rascal",2011-01-01,220626,57,false,saartje_paardestaartje,2026-02-14T17:33:39Z,"grime,britse grime","Universal-Island Records Ltd.",0.545,0.918,0,-1.925,1,0.0448,0.0571,0,0.0415,0.855,117.985,4
spotify:track:7Kpqjspw4Y7HrvItIRcBiW,"Jai Ho! (You Are My Destiny)","Jai Ho! (You Are My Destiny)","A.R. Rahman;The Pussycat Dolls;Nicole Scherzinger",2009-01-01,222400,65,false,saartje_paardestaartje,2026-02-14T17:33:39Z,"tamil pop,kollywood,bollywood,sufi,hindipop,desi","Pussycat Dolls LP2 / Timbaland",0.657,0.941,8,-3.919,0,0.061,0.0476,0,0.0797,0.879,136.202,4
